{
  "$schema": "https://raw.githubusercontent.com/streetsidesoftware/cspell/main/cspell.schema.json",
  "version": "0.2",
  "language": "en",
  "words": [],
  "flagWords": [],
  "dictionaries": ["custom-words"],
  "dictionaryDefinitions": [
    {
      "name": "custom-words",
      "path": ".cspell.txt",
      "addWords": true
    }
  ],
  "ignorePaths": [
    ".cspell.txt",
    "**/dist/**",
    "**/build/**",
    "**/node_modules/**",
    "**/**/CHANGELOG.md",
    "**/**/CONTRIBUTORS.md",
    "pnpm-lock.yaml",
    "README.md",
    "playground/**",
    "doc_build"
  ]
}
